-- phpMyAdmin SQL Dump
-- version 4.5.1
-- http://www.phpmyadmin.net
--
-- Host: localhost
-- Generation Time: Apr 04, 2017 at 03:30 PM
-- Server version: 5.7.17-0ubuntu0.16.04.1
-- PHP Version: 7.0.15-0ubuntu0.16.04.4

SET SQL_MODE = "NO_AUTO_VALUE_ON_ZERO";
SET time_zone = "+00:00";


/*!40101 SET @OLD_CHARACTER_SET_CLIENT=@@CHARACTER_SET_CLIENT */;
/*!40101 SET @OLD_CHARACTER_SET_RESULTS=@@CHARACTER_SET_RESULTS */;
/*!40101 SET @OLD_COLLATION_CONNECTION=@@COLLATION_CONNECTION */;
/*!40101 SET NAMES utf8mb4 */;

-- --------------------------------------------------------

--
-- Table structure for table `dynweb__cities`
--

CREATE TABLE IF NOT EXISTS `dynweb__cities` (
  `city_id` int(11) NOT NULL AUTO_INCREMENT,
  `zip_code` int(11) DEFAULT NULL,
  `city_name` varchar(70) DEFAULT NULL,
  `country_id` int(11) NOT NULL,
  PRIMARY KEY (`city_id`)
) ENGINE=InnoDB AUTO_INCREMENT=1438 DEFAULT CHARSET=utf8;

--
-- Dumping data for table `dynweb__cities`
--

INSERT INTO `dynweb__cities` (`city_id`, `zip_code`, `city_name`, `country_id`) VALUES
(1, 900, 'København C', 56),
(2, 917, 'Københavns Pakkecent', 56),
(3, 960, 'Udland', 56),
(4, 999, 'København C', 56),
(5, 1000, 'København K', 56),
(6, 1050, 'København K', 56),
(7, 1051, 'København K', 56),
(8, 1052, 'København K', 56),
(9, 1053, 'København K', 56),
(10, 1054, 'København K', 56),
(11, 1055, 'København K', 56),
(12, 1056, 'København K', 56),
(13, 1057, 'København K', 56),
(14, 1058, 'København K', 56),
(15, 1059, 'København K', 56),
(16, 1060, 'København K', 56),
(17, 1061, 'København K', 56),
(18, 1062, 'København K', 56),
(19, 1063, 'København K', 56),
(20, 1064, 'København K', 56),
(21, 1065, 'København K', 56),
(22, 1066, 'København K', 56),
(23, 1067, 'København K', 56),
(24, 1068, 'København K', 56),
(25, 1069, 'København K', 56),
(26, 1070, 'København K', 56),
(27, 1071, 'København K', 56),
(28, 1072, 'København K', 56),
(29, 1073, 'København K', 56),
(30, 1074, 'København K', 56),
(31, 1092, 'København K', 56),
(32, 1093, 'København K', 56),
(33, 1095, 'København K', 56),
(34, 1098, 'København K', 56),
(35, 1100, 'København K', 56),
(36, 1101, 'København K', 56),
(37, 1102, 'København K', 56),
(38, 1103, 'København K', 56),
(39, 1104, 'København K', 56),
(40, 1105, 'København K', 56),
(41, 1106, 'København K', 56),
(42, 1107, 'København K', 56),
(43, 1110, 'København K', 56),
(44, 1111, 'København K', 56),
(45, 1112, 'København K', 56),
(46, 1113, 'København K', 56),
(47, 1114, 'København K', 56),
(48, 1115, 'København K', 56),
(49, 1116, 'København K', 56),
(50, 1117, 'København K', 56),
(51, 1118, 'København K', 56),
(52, 1119, 'København K', 56),
(53, 1120, 'København K', 56),
(54, 1121, 'København K', 56),
(55, 1122, 'København K', 56),
(56, 1123, 'København K', 56),
(57, 1124, 'København K', 56),
(58, 1125, 'København K', 56),
(59, 1126, 'København K', 56),
(60, 1127, 'København K', 56),
(61, 1128, 'København K', 56),
(62, 1129, 'København K', 56),
(63, 1130, 'København K', 56),
(64, 1131, 'København K', 56),
(65, 1140, 'København K', 56),
(66, 1147, 'København K', 56),
(67, 1148, 'København K', 56),
(68, 1150, 'København K', 56),
(69, 1151, 'København K', 56),
(70, 1152, 'København K', 56),
(71, 1153, 'København K', 56),
(72, 1154, 'København K', 56),
(73, 1155, 'København K', 56),
(74, 1156, 'København K', 56),
(75, 1157, 'København K', 56),
(76, 1158, 'København K', 56),
(77, 1159, 'København K', 56),
(78, 1160, 'København K', 56),
(79, 1161, 'København K', 56),
(80, 1162, 'København K', 56),
(81, 1164, 'København K', 56),
(82, 1165, 'København K', 56),
(83, 1166, 'København K', 56),
(84, 1167, 'København K', 56),
(85, 1168, 'København K', 56),
(86, 1169, 'København K', 56),
(87, 1170, 'København K', 56),
(88, 1171, 'København K', 56),
(89, 1172, 'København K', 56),
(90, 1173, 'København K', 56),
(91, 1174, 'København K', 56),
(92, 1175, 'København K', 56),
(93, 1200, 'København K', 56),
(94, 1201, 'København K', 56),
(95, 1202, 'København K', 56),
(96, 1203, 'København K', 56),
(97, 1204, 'København K', 56),
(98, 1205, 'København K', 56),
(99, 1206, 'København K', 56),
(100, 1207, 'København K', 56),
(101, 1208, 'København K', 56),
(102, 1209, 'København K', 56),
(103, 1210, 'København K', 56),
(104, 1211, 'København K', 56),
(105, 1213, 'København K', 56),
(106, 1214, 'København K', 56),
(107, 1215, 'København K', 56),
(108, 1216, 'København K', 56),
(109, 1217, 'København K', 56),
(110, 1218, 'København K', 56),
(111, 1219, 'København K', 56),
(112, 1220, 'København K', 56),
(113, 1221, 'København K', 56),
(114, 1240, 'København K', 56),
(115, 1250, 'København K', 56),
(116, 1251, 'København K', 56),
(117, 1253, 'København K', 56),
(118, 1254, 'København K', 56),
(119, 1255, 'København K', 56),
(120, 1256, 'København K', 56),
(121, 1257, 'København K', 56),
(122, 1259, 'København K', 56),
(123, 1260, 'København K', 56),
(124, 1261, 'København K', 56),
(125, 1263, 'København K', 56),
(126, 1264, 'København K', 56),
(127, 1265, 'København K', 56),
(128, 1266, 'København K', 56),
(129, 1267, 'København K', 56),
(130, 1268, 'København K', 56),
(131, 1270, 'København K', 56),
(132, 1271, 'København K', 56),
(133, 1300, 'København K', 56),
(134, 1301, 'København K', 56),
(135, 1302, 'København K', 56),
(136, 1303, 'København K', 56),
(137, 1304, 'København K', 56),
(138, 1306, 'København K', 56),
(139, 1307, 'København K', 56),
(140, 1308, 'København K', 56),
(141, 1309, 'København K', 56),
(142, 1310, 'København K', 56),
(143, 1311, 'København K', 56),
(144, 1312, 'København K', 56),
(145, 1313, 'København K', 56),
(146, 1314, 'København K', 56),
(147, 1315, 'København K', 56),
(148, 1316, 'København K', 56),
(149, 1317, 'København K', 56),
(150, 1318, 'København K', 56),
(151, 1319, 'København K', 56),
(152, 1320, 'København K', 56),
(153, 1321, 'København K', 56),
(154, 1322, 'København K', 56),
(155, 1323, 'København K', 56),
(156, 1324, 'København K', 56),
(157, 1325, 'København K', 56),
(158, 1326, 'København K', 56),
(159, 1327, 'København K', 56),
(160, 1328, 'København K', 56),
(161, 1329, 'København K', 56),
(162, 1350, 'København K', 56),
(163, 1352, 'København K', 56),
(164, 1353, 'København K', 56),
(165, 1354, 'København K', 56),
(166, 1355, 'København K', 56),
(167, 1356, 'København K', 56),
(168, 1357, 'København K', 56),
(169, 1358, 'København K', 56),
(170, 1359, 'København K', 56),
(171, 1360, 'København K', 56),
(172, 1361, 'København K', 56),
(173, 1362, 'København K', 56),
(174, 1363, 'København K', 56),
(175, 1364, 'København K', 56),
(176, 1365, 'København K', 56),
(177, 1366, 'København K', 56),
(178, 1367, 'København K', 56),
(179, 1368, 'København K', 56),
(180, 1369, 'København K', 56),
(181, 1370, 'København K', 56),
(182, 1371, 'København K', 56),
(183, 1400, 'København K', 56),
(184, 1401, 'København K', 56),
(185, 1402, 'København K', 56),
(186, 1403, 'København K', 56),
(187, 1406, 'København K', 56),
(188, 1407, 'København K', 56),
(189, 1408, 'København K', 56),
(190, 1409, 'København K', 56),
(191, 1410, 'København K', 56),
(192, 1411, 'København K', 56),
(193, 1412, 'København K', 56),
(194, 1413, 'København K', 56),
(195, 1414, 'København K', 56),
(196, 1415, 'København K', 56),
(197, 1416, 'København K', 56),
(198, 1417, 'København K', 56),
(199, 1418, 'København K', 56),
(200, 1419, 'København K', 56),
(201, 1420, 'København K', 56),
(202, 1421, 'København K', 56),
(203, 1422, 'København K', 56),
(204, 1423, 'København K', 56),
(205, 1424, 'København K', 56),
(206, 1425, 'København K', 56),
(207, 1426, 'København K', 56),
(208, 1427, 'København K', 56),
(209, 1428, 'København K', 56),
(210, 1429, 'København K', 56),
(211, 1430, 'København K', 56),
(212, 1431, 'København K', 56),
(213, 1432, 'København K', 56),
(214, 1433, 'København K', 56),
(215, 1434, 'København K', 56),
(216, 1435, 'København K', 56),
(217, 1436, 'København K', 56),
(218, 1437, 'København K', 56),
(219, 1438, 'København K', 56),
(220, 1439, 'København K', 56),
(221, 1440, 'København K', 56),
(222, 1441, 'København K', 56),
(223, 1448, 'København K', 56),
(224, 1450, 'København K', 56),
(225, 1451, 'København K', 56),
(226, 1452, 'København K', 56),
(227, 1453, 'København K', 56),
(228, 1454, 'København K', 56),
(229, 1455, 'København K', 56),
(230, 1456, 'København K', 56),
(231, 1457, 'København K', 56),
(232, 1458, 'København K', 56),
(233, 1459, 'København K', 56),
(234, 1460, 'København K', 56),
(235, 1462, 'København K', 56),
(236, 1463, 'København K', 56),
(237, 1464, 'København K', 56),
(238, 1466, 'København K', 56),
(239, 1467, 'København K', 56),
(240, 1468, 'København K', 56),
(241, 1470, 'København K', 56),
(242, 1471, 'København K', 56),
(243, 1472, 'København K', 56),
(244, 1500, 'København V', 56),
(245, 1513, 'Centraltastning', 56),
(246, 1532, 'København V', 56),
(247, 1533, 'København V', 56),
(248, 1550, 'København V', 56),
(249, 1551, 'København V', 56),
(250, 1552, 'København V', 56),
(251, 1553, 'København V', 56),
(252, 1554, 'København V', 56),
(253, 1555, 'København V', 56),
(254, 1556, 'København V', 56),
(255, 1557, 'København V', 56),
(256, 1558, 'København V', 56),
(257, 1559, 'København V', 56),
(258, 1560, 'København V', 56),
(259, 1561, 'København V', 56),
(260, 1562, 'København V', 56),
(261, 1563, 'København V', 56),
(262, 1564, 'København V', 56),
(263, 1566, 'København V', 56),
(264, 1567, 'København V', 56),
(265, 1568, 'København V', 56),
(266, 1569, 'København V', 56),
(267, 1570, 'København V', 56),
(268, 1571, 'København V', 56),
(269, 1572, 'København V', 56),
(270, 1573, 'København V', 56),
(271, 1574, 'København V', 56),
(272, 1575, 'København V', 56),
(273, 1576, 'København V', 56),
(274, 1577, 'København V', 56),
(275, 1592, 'København V', 56),
(276, 1599, 'København V', 56),
(277, 1600, 'København V', 56),
(278, 1601, 'København V', 56),
(279, 1602, 'København V', 56),
(280, 1603, 'København V', 56),
(281, 1604, 'København V', 56),
(282, 1606, 'København V', 56),
(283, 1607, 'København V', 56),
(284, 1608, 'København V', 56),
(285, 1609, 'København V', 56),
(286, 1610, 'København V', 56),
(287, 1611, 'København V', 56),
(288, 1612, 'København V', 56),
(289, 1613, 'København V', 56),
(290, 1614, 'København V', 56),
(291, 1615, 'København V', 56),
(292, 1616, 'København V', 56),
(293, 1617, 'København V', 56),
(294, 1618, 'København V', 56),
(295, 1619, 'København V', 56),
(296, 1620, 'København V', 56),
(297, 1621, 'København V', 56),
(298, 1622, 'København V', 56),
(299, 1623, 'København V', 56),
(300, 1624, 'København V', 56),
(301, 1630, 'København V', 56),
(302, 1631, 'København V', 56),
(303, 1632, 'København V', 56),
(304, 1633, 'København V', 56),
(305, 1634, 'København V', 56),
(306, 1635, 'København V', 56),
(307, 1650, 'København V', 56),
(308, 1651, 'København V', 56),
(309, 1652, 'København V', 56),
(310, 1653, 'København V', 56),
(311, 1654, 'København V', 56),
(312, 1655, 'København V', 56),
(313, 1656, 'København V', 56),
(314, 1657, 'København V', 56),
(315, 1658, 'København V', 56),
(316, 1659, 'København V', 56),
(317, 1660, 'København V', 56),
(318, 1661, 'København V', 56),
(319, 1662, 'København V', 56),
(320, 1663, 'København V', 56),
(321, 1664, 'København V', 56),
(322, 1665, 'København V', 56),
(323, 1666, 'København V', 56),
(324, 1667, 'København V', 56),
(325, 1668, 'København V', 56),
(326, 1669, 'København V', 56),
(327, 1670, 'København V', 56),
(328, 1671, 'København V', 56),
(329, 1672, 'København V', 56),
(330, 1673, 'København V', 56),
(331, 1674, 'København V', 56),
(332, 1675, 'København V', 56),
(333, 1676, 'København V', 56),
(334, 1677, 'København V', 56),
(335, 1699, 'København V', 56),
(336, 1700, 'København V', 56),
(337, 1701, 'København V', 56),
(338, 1702, 'København V', 56),
(339, 1703, 'København V', 56),
(340, 1704, 'København V', 56),
(341, 1705, 'København V', 56),
(342, 1706, 'København V', 56),
(343, 1707, 'København V', 56),
(344, 1708, 'København V', 56),
(345, 1709, 'København V', 56),
(346, 1710, 'København V', 56),
(347, 1711, 'København V', 56),
(348, 1712, 'København V', 56),
(349, 1714, 'København V', 56),
(350, 1715, 'København V', 56),
(351, 1716, 'København V', 56),
(352, 1717, 'København V', 56),
(353, 1718, 'København V', 56),
(354, 1719, 'København V', 56),
(355, 1720, 'København V', 56),
(356, 1721, 'København V', 56),
(357, 1722, 'København V', 56),
(358, 1723, 'København V', 56),
(359, 1724, 'København V', 56),
(360, 1725, 'København V', 56),
(361, 1726, 'København V', 56),
(362, 1727, 'København V', 56),
(363, 1728, 'København V', 56),
(364, 1729, 'København V', 56),
(365, 1730, 'København V', 56),
(366, 1731, 'København V', 56),
(367, 1732, 'København V', 56),
(368, 1733, 'København V', 56),
(369, 1734, 'København V', 56),
(370, 1735, 'København V', 56),
(371, 1736, 'København V', 56),
(372, 1737, 'København V', 56),
(373, 1738, 'København V', 56),
(374, 1739, 'København V', 56),
(375, 1749, 'København V', 56),
(376, 1750, 'København V', 56),
(377, 1751, 'København V', 56),
(378, 1752, 'København V', 56),
(379, 1753, 'København V', 56),
(380, 1754, 'København V', 56),
(381, 1755, 'København V', 56),
(382, 1756, 'København V', 56),
(383, 1757, 'København V', 56),
(384, 1758, 'København V', 56),
(385, 1759, 'København V', 56),
(386, 1760, 'København V', 56),
(387, 1761, 'København V', 56),
(388, 1762, 'København V', 56),
(389, 1763, 'København V', 56),
(390, 1764, 'København V', 56),
(391, 1765, 'København V', 56),
(392, 1766, 'København V', 56),
(393, 1770, 'København V', 56),
(394, 1771, 'København V', 56),
(395, 1772, 'København V', 56),
(396, 1773, 'København V', 56),
(397, 1774, 'København V', 56),
(398, 1775, 'København V', 56),
(399, 1777, 'København V', 56),
(400, 1780, 'København V', 56),
(401, 1785, 'København V', 56),
(402, 1786, 'København V', 56),
(403, 1787, 'København V', 56),
(404, 1790, 'København V', 56),
(405, 1799, 'København V', 56),
(406, 1800, 'Frederiksberg C', 56),
(407, 1801, 'Frederiksberg C', 56),
(408, 1802, 'Frederiksberg C', 56),
(409, 1803, 'Frederiksberg C', 56),
(410, 1804, 'Frederiksberg C', 56),
(411, 1805, 'Frederiksberg C', 56),
(412, 1806, 'Frederiksberg C', 56),
(413, 1807, 'Frederiksberg C', 56),
(414, 1808, 'Frederiksberg C', 56),
(415, 1809, 'Frederiksberg C', 56),
(416, 1810, 'Frederiksberg C', 56),
(417, 1810, 'Frederiksberg C', 56),
(418, 1811, 'Frederiksberg C', 56),
(419, 1812, 'Frederiksberg C', 56),
(420, 1813, 'Frederiksberg C', 56),
(421, 1814, 'Frederiksberg C', 56),
(422, 1815, 'Frederiksberg C', 56),
(423, 1816, 'Frederiksberg C', 56),
(424, 1817, 'Frederiksberg C', 56),
(425, 1818, 'Frederiksberg C', 56),
(426, 1819, 'Frederiksberg C', 56),
(427, 1820, 'Frederiksberg C', 56),
(428, 1822, 'Frederiksberg C', 56),
(429, 1823, 'Frederiksberg C', 56),
(430, 1824, 'Frederiksberg C', 56),
(431, 1825, 'Frederiksberg C', 56),
(432, 1826, 'Frederiksberg C', 56),
(433, 1827, 'Frederiksberg C', 56),
(434, 1828, 'Frederiksberg C', 56),
(435, 1829, 'Frederiksberg C', 56),
(436, 1850, 'Frederiksberg C', 56),
(437, 1851, 'Frederiksberg C', 56),
(438, 1852, 'Frederiksberg C', 56),
(439, 1853, 'Frederiksberg C', 56),
(440, 1854, 'Frederiksberg C', 56),
(441, 1855, 'Frederiksberg C', 56),
(442, 1856, 'Frederiksberg C', 56),
(443, 1857, 'Frederiksberg C', 56),
(444, 1860, 'Frederiksberg C', 56),
(445, 1861, 'Frederiksberg C', 56),
(446, 1862, 'Frederiksberg C', 56),
(447, 1863, 'Frederiksberg C', 56),
(448, 1864, 'Frederiksberg C', 56),
(449, 1865, 'Frederiksberg C', 56),
(450, 1866, 'Frederiksberg C', 56),
(451, 1867, 'Frederiksberg C', 56),
(452, 1868, 'Frederiksberg C', 56),
(453, 1870, 'Frederiksberg C', 56),
(454, 1871, 'Frederiksberg C', 56),
(455, 1872, 'Frederiksberg C', 56),
(456, 1873, 'Frederiksberg C', 56),
(457, 1874, 'Frederiksberg C', 56),
(458, 1875, 'Frederiksberg C', 56),
(459, 1876, 'Frederiksberg C', 56),
(460, 1877, 'Frederiksberg C', 56),
(461, 1878, 'Frederiksberg C', 56),
(462, 1879, 'Frederiksberg C', 56),
(463, 1900, 'Frederiksberg C', 56),
(464, 1901, 'Frederiksberg C', 56),
(465, 1902, 'Frederiksberg C', 56),
(466, 1903, 'Frederiksberg C', 56),
(467, 1904, 'Frederiksberg C', 56),
(468, 1905, 'Frederiksberg C', 56),
(469, 1906, 'Frederiksberg C', 56),
(470, 1908, 'Frederiksberg C', 56),
(471, 1909, 'Frederiksberg C', 56),
(472, 1910, 'Frederiksberg C', 56),
(473, 1911, 'Frederiksberg C', 56),
(474, 1912, 'Frederiksberg C', 56),
(475, 1913, 'Frederiksberg C', 56),
(476, 1914, 'Frederiksberg C', 56),
(477, 1915, 'Frederiksberg C', 56),
(478, 1916, 'Frederiksberg C', 56),
(479, 1917, 'Frederiksberg C', 56),
(480, 1920, 'Frederiksberg C', 56),
(481, 1921, 'Frederiksberg C', 56),
(482, 1922, 'Frederiksberg C', 56),
(483, 1923, 'Frederiksberg C', 56),
(484, 1924, 'Frederiksberg C', 56),
(485, 1925, 'Frederiksberg C', 56),
(486, 1926, 'Frederiksberg C', 56),
(487, 1927, 'Frederiksberg C', 56),
(488, 1928, 'Frederiksberg C', 56),
(489, 1950, 'Frederiksberg C', 56),
(490, 1951, 'Frederiksberg C', 56),
(491, 1952, 'Frederiksberg C', 56),
(492, 1953, 'Frederiksberg C', 56),
(493, 1954, 'Frederiksberg C', 56),
(494, 1955, 'Frederiksberg C', 56),
(495, 1956, 'Frederiksberg C', 56),
(496, 1957, 'Frederiksberg C', 56),
(497, 1958, 'Frederiksberg C', 56),
(498, 1959, 'Frederiksberg C', 56),
(499, 1960, 'Frederiksberg C', 56),
(500, 1961, 'Frederiksberg C', 56),
(501, 1962, 'Frederiksberg C', 56),
(502, 1963, 'Frederiksberg C', 56),
(503, 1964, 'Frederiksberg C', 56),
(504, 1965, 'Frederiksberg C', 56),
(505, 1966, 'Frederiksberg C', 56),
(506, 1967, 'Frederiksberg C', 56),
(507, 1970, 'Frederiksberg C', 56),
(508, 1971, 'Frederiksberg C', 56),
(509, 1972, 'Frederiksberg C', 56),
(510, 1973, 'Frederiksberg C', 56),
(511, 1974, 'Frederiksberg C', 56),
(512, 2000, 'Frederiksberg', 56),
(513, 2000, 'Frederiksberg', 56),
(514, 2100, 'København Ø', 56),
(515, 2150, 'Nordhavn', 56),
(516, 2200, 'København N', 56),
(517, 2200, 'København N', 56),
(518, 2300, 'København S', 56),
(519, 2300, 'København S', 56),
(520, 2400, 'København NV', 56),
(521, 2450, 'København SV', 56),
(522, 2500, 'Valby', 56),
(523, 2500, 'Valby', 56),
(524, 2600, 'Glostrup', 56),
(525, 2600, 'Glostrup', 56),
(526, 2600, 'Glostrup', 56),
(527, 2605, 'Brøndby', 56),
(528, 2610, 'Rødovre', 56),
(529, 2610, 'Rødovre', 56),
(530, 2610, 'Rødovre', 56),
(531, 2620, 'Albertslund', 56),
(532, 2620, 'Albertslund', 56),
(533, 2625, 'Vallensbæk', 56),
(534, 2630, 'Taastrup', 56),
(535, 2635, 'Ishøj', 56),
(536, 2640, 'Hedehusene', 56),
(537, 2640, 'Hedehusene', 56),
(538, 2640, 'Hedehusene', 56),
(539, 2640, 'Hedehusene', 56),
(540, 2650, 'Hvidovre', 56),
(541, 2650, 'Hvidovre', 56),
(542, 2660, 'Brøndby Strand', 56),
(543, 2660, 'Brøndby Strand', 56),
(544, 2665, 'Vallensbæk Strand', 56),
(545, 2670, 'Greve', 56),
(546, 2680, 'Solrød Strand', 56),
(547, 2690, 'Karlslunde', 56),
(548, 2690, 'Karlslunde', 56),
(549, 2700, 'Brønshøj', 56),
(550, 2720, 'Vanløse', 56),
(551, 2720, 'Vanløse', 56),
(552, 2730, 'Herlev', 56),
(553, 2730, 'Herlev', 56),
(554, 2730, 'Herlev', 56),
(555, 2740, 'Skovlunde', 56),
(556, 2740, 'Skovlunde', 56),
(557, 2750, 'Ballerup', 56),
(558, 2750, 'Ballerup', 56),
(559, 2750, 'Ballerup', 56),
(560, 2760, 'Måløv', 56),
(561, 2765, 'Smørum', 56),
(562, 2770, 'Kastrup', 56),
(563, 2770, 'Kastrup', 56),
(564, 2791, 'Dragør', 56),
(565, 2791, 'Dragør', 56),
(566, 2800, 'Kongens Lyngby', 56),
(567, 2800, 'Kongens Lyngby', 56),
(568, 2800, 'Kongens Lyngby', 56),
(569, 2800, 'Kongens Lyngby', 56),
(570, 2820, 'Gentofte', 56),
(571, 2820, 'Gentofte', 56),
(572, 2830, 'Virum', 56),
(573, 2830, 'Virum', 56),
(574, 2840, 'Holte', 56),
(575, 2840, 'Holte', 56),
(576, 2850, 'Nærum', 56),
(577, 2860, 'Søborg', 56),
(578, 2860, 'Søborg', 56),
(579, 2870, 'Dyssegård', 56),
(580, 2880, 'Bagsværd', 56),
(581, 2880, 'Bagsværd', 56),
(582, 2880, 'Bagsværd', 56),
(583, 2900, 'Hellerup', 56),
(584, 2900, 'Hellerup', 56),
(585, 2920, 'Charlottenlund', 56),
(586, 2930, 'Klampenborg', 56),
(587, 2930, 'Klampenborg', 56),
(588, 2942, 'Skodsborg', 56),
(589, 2950, 'Vedbæk', 56),
(590, 2950, 'Vedbæk', 56),
(591, 2960, 'Rungsted Kyst', 56),
(592, 2970, 'Hørsholm', 56),
(593, 2970, 'Hørsholm', 56),
(594, 2970, 'Hørsholm', 56),
(595, 2980, 'Kokkedal', 56),
(596, 2980, 'Kokkedal', 56),
(597, 2990, 'Nivå', 56),
(598, 3000, 'Helsingør', 56),
(599, 3050, 'Humlebæk', 56),
(600, 3060, 'Espergærde', 56),
(601, 3060, 'Espergærde', 56),
(602, 3070, 'Snekkersten', 56),
(603, 3080, 'Tikøb', 56),
(604, 3100, 'Hornbæk', 56),
(605, 3100, 'Hornbæk', 56),
(606, 3120, 'Dronningmølle', 56),
(607, 3140, 'Ålsgårde', 56),
(608, 3150, 'Hellebæk', 56),
(609, 3200, 'Helsinge', 56),
(610, 3200, 'Helsinge', 56),
(611, 3210, 'Vejby', 56),
(612, 3220, 'Tisvildeleje', 56),
(613, 3230, 'Græsted', 56),
(614, 3230, 'Græsted', 56),
(615, 3230, 'Græsted', 56),
(616, 3250, 'Gilleleje', 56),
(617, 3300, 'Frederiksværk', 56),
(618, 3300, 'Frederiksværk', 56),
(619, 3310, 'Ølsted', 56),
(620, 3310, 'Ølsted', 56),
(621, 3320, 'Skævinge', 56),
(622, 3320, 'Skævinge', 56),
(623, 3330, 'Gørløse', 56),
(624, 3360, 'Liseleje', 56),
(625, 3370, 'Melby', 56),
(626, 3390, 'Hundested', 56),
(627, 3400, 'Hillerød', 56),
(628, 3400, 'Hillerød', 56),
(629, 3400, 'Hillerød', 56),
(630, 3450, 'Allerød', 56),
(631, 3450, 'Allerød', 56),
(632, 3450, 'Allerød', 56),
(633, 3460, 'Birkerød', 56),
(634, 3460, 'Birkerød', 56),
(635, 3460, 'Birkerød', 56),
(636, 3480, 'Fredensborg', 56),
(637, 3480, 'Fredensborg', 56),
(638, 3480, 'Fredensborg', 56),
(639, 3490, 'Kvistgård', 56),
(640, 3490, 'Kvistgård', 56),
(641, 3500, 'Værløse', 56),
(642, 3500, 'Værløse', 56),
(643, 3500, 'Værløse', 56),
(644, 3500, 'Værløse', 56),
(645, 3500, 'Værløse', 56),
(646, 3520, 'Farum', 56),
(647, 3520, 'Farum', 56),
(648, 3520, 'Farum', 56),
(649, 3540, 'Lynge', 56),
(650, 3540, 'Lynge', 56),
(651, 3540, 'Lynge', 56),
(652, 3540, 'Lynge', 56),
(653, 3550, 'Slangerup', 56),
(654, 3550, 'Slangerup', 56),
(655, 3550, 'Slangerup', 56),
(656, 3550, 'Slangerup', 56),
(657, 3600, 'Frederikssund', 56),
(658, 3600, 'Frederikssund', 56),
(659, 3600, 'Frederikssund', 56),
(660, 3630, 'Jægerspris', 56),
(661, 3650, 'Ølstykke', 56),
(662, 3660, 'Stenløse', 56),
(663, 3670, 'Veksø Sjælland', 56),
(664, 3670, 'Veksø Sjælland', 56),
(665, 3700, 'Rønne', 56),
(666, 3720, 'Aakirkeby', 56),
(667, 3730, 'Nexø', 56),
(668, 3740, 'Svaneke', 56),
(669, 3751, 'Østermarie', 56),
(670, 3760, 'Gudhjem', 56),
(671, 3760, 'Gudhjem', 56),
(672, 3770, 'Allinge', 56),
(673, 3782, 'Klemensker', 56),
(674, 3790, 'Hasle', 56),
(675, 4000, 'Roskilde', 56),
(676, 4000, 'Roskilde', 56),
(677, 4000, 'Roskilde', 56),
(678, 4030, 'Tune', 56),
(679, 4030, 'Tune', 56),
(680, 4040, 'Jyllinge', 56),
(681, 4050, 'Skibby', 56),
(682, 4060, 'Kirke Såby', 56),
(683, 4070, 'Kirke Hyllinge', 56),
(684, 4100, 'Ringsted', 56),
(685, 4100, 'Ringsted', 56),
(686, 4100, 'Ringsted', 56),
(687, 4100, 'Ringsted', 56),
(688, 4100, 'Ringsted', 56),
(689, 4100, 'Ringsted', 56),
(690, 4130, 'Viby Sjælland', 56),
(691, 4130, 'Viby Sjælland', 56),
(692, 4140, 'Borup', 56),
(693, 4140, 'Borup', 56),
(694, 4140, 'Borup', 56),
(695, 4160, 'Herlufmagle', 56),
(696, 4160, 'Herlufmagle', 56),
(697, 4171, 'Glumsø', 56),
(698, 4173, 'Fjenneslev', 56),
(699, 4173, 'Fjenneslev', 56),
(700, 4174, 'Jystrup Midtsj', 56),
(701, 4174, 'Jystrup Midtsj', 56),
(702, 4180, 'Sorø', 56),
(703, 4180, 'Sorø', 56),
(704, 4180, 'Sorø', 56),
(705, 4190, 'Munke Bjergby', 56),
(706, 4190, 'Munke Bjergby', 56),
(707, 4200, 'Slagelse', 56),
(708, 4200, 'Slagelse', 56),
(709, 4200, 'Slagelse', 56),
(710, 4200, 'Slagelse', 56),
(711, 4220, 'Korsør', 56),
(712, 4230, 'Skælskør', 56),
(713, 4241, 'Vemmelev', 56),
(714, 4242, 'Boeslunde', 56),
(715, 4243, 'Rude', 56),
(716, 4243, 'Rude', 56),
(717, 4250, 'Fuglebjerg', 56),
(718, 4250, 'Fuglebjerg', 56),
(719, 4261, 'Dalmose', 56),
(720, 4261, 'Dalmose', 56),
(721, 4262, 'Sandved', 56),
(722, 4262, 'Sandved', 56),
(723, 4270, 'Høng', 56),
(724, 4270, 'Høng', 56),
(725, 4281, 'Gørlev', 56),
(726, 4291, 'Ruds Vedby', 56),
(727, 4291, 'Ruds Vedby', 56),
(728, 4293, 'Dianalund', 56),
(729, 4293, 'Dianalund', 56),
(730, 4295, 'Stenlille', 56),
(731, 4295, 'Stenlille', 56),
(732, 4296, 'Nyrup', 56),
(733, 4296, 'Nyrup', 56),
(734, 4300, 'Holbæk', 56),
(735, 4320, 'Lejre', 56),
(736, 4320, 'Lejre', 56),
(737, 4320, 'Lejre', 56),
(738, 4330, 'Hvalsø', 56),
(739, 4330, 'Hvalsø', 56),
(740, 4330, 'Hvalsø', 56),
(741, 4340, 'Tølløse', 56),
(742, 4340, 'Tølløse', 56),
(743, 4350, 'Ugerløse', 56),
(744, 4360, 'Kirke Eskilstrup', 56),
(745, 4360, 'Kirke Eskilstrup', 56),
(746, 4370, 'Store Merløse', 56),
(747, 4370, 'Store Merløse', 56),
(748, 4370, 'Store Merløse', 56),
(749, 4390, 'Vipperød', 56),
(750, 4400, 'Kalundborg', 56),
(751, 4420, 'Regstrup', 56),
(752, 4440, 'Mørkøv', 56),
(753, 4450, 'Jyderup', 56),
(754, 4450, 'Jyderup', 56),
(755, 4460, 'Snertinge', 56),
(756, 4460, 'Snertinge', 56),
(757, 4470, 'Svebølle', 56),
(758, 4470, 'Svebølle', 56),
(759, 4480, 'Store Fuglede', 56),
(760, 4490, 'Jerslev Sjælland', 56),
(761, 4500, 'Nykøbing Sj', 56),
(762, 4520, 'Svinninge', 56),
(763, 4532, 'Gislinge', 56),
(764, 4534, 'Hørve', 56),
(765, 4534, 'Hørve', 56),
(766, 4540, 'Fårevejle', 56),
(767, 4550, 'Asnæs', 56),
(768, 4560, 'Vig', 56),
(769, 4571, 'Grevinge', 56),
(770, 4572, 'Nørre Asmindrup', 56),
(771, 4573, 'Højby', 56),
(772, 4581, 'Rørvig', 56),
(773, 4583, 'Sjællands Odde', 56),
(774, 4591, 'Føllenslev', 56),
(775, 4591, 'Føllenslev', 56),
(776, 4592, 'Sejerø', 56),
(777, 4593, 'Eskebjerg', 56),
(778, 4600, 'Køge', 56),
(779, 4600, 'Køge', 56),
(780, 4621, 'Gadstrup', 56),
(781, 4622, 'Havdrup', 56),
(782, 4622, 'Havdrup', 56),
(783, 4623, 'Lille Skensved', 56),
(784, 4623, 'Lille Skensved', 56),
(785, 4623, 'Lille Skensved', 56),
(786, 4632, 'Bjæverskov', 56),
(787, 4640, 'Faxe', 56),
(788, 4640, 'Faxe', 56),
(789, 4652, 'Hårlev', 56),
(790, 4652, 'Hårlev', 56),
(791, 4653, 'Karise', 56),
(792, 4653, 'Karise', 56),
(793, 4654, 'Faxe Ladeplads', 56),
(794, 4660, 'Store Heddinge', 56),
(795, 4671, 'Strøby', 56),
(796, 4672, 'Klippinge', 56),
(797, 4673, 'Rødvig Stevns', 56),
(798, 4681, 'Herfølge', 56),
(799, 4682, 'Tureby', 56),
(800, 4682, 'Tureby', 56),
(801, 4682, 'Tureby', 56),
(802, 4683, 'Rønnede', 56),
(803, 4683, 'Rønnede', 56),
(804, 4684, 'Holmegaard', 56),
(805, 4684, 'Holmegaard', 56),
(806, 4690, 'Haslev', 56),
(807, 4690, 'Haslev', 56),
(808, 4690, 'Haslev', 56),
(809, 4700, 'Næstved', 56),
(810, 4720, 'Præstø', 56),
(811, 4733, 'Tappernøje', 56),
(812, 4733, 'Tappernøje', 56),
(813, 4733, 'Tappernøje', 56),
(814, 4735, 'Mern', 56),
(815, 4736, 'Karrebæksminde', 56),
(816, 4750, 'Lundby', 56),
(817, 4750, 'Lundby', 56),
(818, 4760, 'Vordingborg', 56),
(819, 4771, 'Kalvehave', 56),
(820, 4772, 'Langebæk', 56),
(821, 4773, 'Stensved', 56),
(822, 4780, 'Stege', 56),
(823, 4791, 'Borre', 56),
(824, 4792, 'Askeby', 56),
(825, 4793, 'Bogø By', 56),
(826, 4800, 'Nykøbing F', 56),
(827, 4840, 'Nørre Alslev', 56),
(828, 4850, 'Stubbekøbing', 56),
(829, 4862, 'Guldborg', 56),
(830, 4863, 'Eskilstrup', 56),
(831, 4871, 'Horbelev', 56),
(832, 4872, 'Idestrup', 56),
(833, 4873, 'Væggerløse', 56),
(834, 4874, 'Gedser', 56),
(835, 4880, 'Nysted', 56),
(836, 4891, 'Toreby L', 56),
(837, 4892, 'Kettinge', 56),
(838, 4894, 'Øster Ulslev', 56),
(839, 4894, 'Øster Ulslev', 56),
(840, 4895, 'Errindlev', 56),
(841, 4900, 'Nakskov', 56),
(842, 4912, 'Harpelunde', 56),
(843, 4913, 'Horslunde', 56),
(844, 4920, 'Søllested', 56),
(845, 4930, 'Maribo', 56),
(846, 4930, 'Maribo', 56),
(847, 4941, 'Bandholm', 56),
(848, 4943, 'Torrig L', 56),
(849, 4944, 'Fejø', 56),
(850, 4951, 'Nørreballe', 56),
(851, 4952, 'Stokkemarke', 56),
(852, 4953, 'Vesterborg', 56),
(853, 4960, 'Holeby', 56),
(854, 4970, 'Rødby', 56),
(855, 4983, 'Dannemare', 56),
(856, 4990, 'Sakskøbing', 56),
(857, 5000, 'Odense C', 56),
(858, 5200, 'Odense V', 56),
(859, 5210, 'Odense NV', 56),
(860, 5220, 'Odense SØ', 56),
(861, 5230, 'Odense M', 56),
(862, 5240, 'Odense NØ', 56),
(863, 5250, 'Odense SV', 56),
(864, 5260, 'Odense S', 56),
(865, 5270, 'Odense N', 56),
(866, 5270, 'Odense N', 56),
(867, 5290, 'Marslev', 56),
(868, 5300, 'Kerteminde', 56),
(869, 5320, 'Agedrup', 56),
(870, 5330, 'Munkebo', 56),
(871, 5330, 'Munkebo', 56),
(872, 5350, 'Rynkeby', 56),
(873, 5370, 'Mesinge', 56),
(874, 5380, 'Dalby', 56),
(875, 5390, 'Martofte', 56),
(876, 5400, 'Bogense', 56),
(877, 5450, 'Otterup', 56),
(878, 5462, 'Morud', 56),
(879, 5463, 'Harndrup', 56),
(880, 5464, 'Brenderup Fyn', 56),
(881, 5466, 'Asperup', 56),
(882, 5471, 'Søndersø', 56),
(883, 5474, 'Veflinge', 56),
(884, 5485, 'Skamby', 56),
(885, 5491, 'Blommenslyst', 56),
(886, 5491, 'Blommenslyst', 56),
(887, 5492, 'Vissenbjerg', 56),
(888, 5492, 'Vissenbjerg', 56),
(889, 5492, 'Vissenbjerg', 56),
(890, 5500, 'Middelfart', 56),
(891, 5540, 'Ullerslev', 56),
(892, 5540, 'Ullerslev', 56),
(893, 5550, 'Langeskov', 56),
(894, 5550, 'Langeskov', 56),
(895, 5550, 'Langeskov', 56),
(896, 5560, 'Aarup', 56),
(897, 5560, 'Aarup', 56),
(898, 5560, 'Aarup', 56),
(899, 5580, 'Nørre Aaby', 56),
(900, 5591, 'Gelsted', 56),
(901, 5592, 'Ejby', 56),
(902, 5600, 'Faaborg', 56),
(903, 5610, 'Assens', 56),
(904, 5620, 'Glamsbjerg', 56),
(905, 5631, 'Ebberup', 56),
(906, 5642, 'Millinge', 56),
(907, 5642, 'Millinge', 56),
(908, 5672, 'Broby', 56),
(909, 5683, 'Haarby', 56),
(910, 5690, 'Tommerup', 56),
(911, 5700, 'Svendborg', 56),
(912, 5750, 'Ringe', 56),
(913, 5762, 'Vester Skerninge', 56),
(914, 5762, 'Vester Skerninge', 56),
(915, 5771, 'Stenstrup', 56),
(916, 5771, 'Stenstrup', 56),
(917, 5772, 'Kværndrup', 56),
(918, 5772, 'Kværndrup', 56),
(919, 5792, 'Årslev', 56),
(920, 5800, 'Nyborg', 56),
(921, 5853, 'Ørbæk', 56),
(922, 5853, 'Ørbæk', 56),
(923, 5854, 'Gislev', 56),
(924, 5854, 'Gislev', 56),
(925, 5856, 'Ryslinge', 56),
(926, 5863, 'Ferritslev Fyn', 56),
(927, 5863, 'Ferritslev Fyn', 56),
(928, 5871, 'Frørup', 56),
(929, 5874, 'Hesselager', 56),
(930, 5874, 'Hesselager', 56),
(931, 5881, 'Skårup Fyn', 56),
(932, 5882, 'Vejstrup', 56),
(933, 5883, 'Oure', 56),
(934, 5884, 'Gudme', 56),
(935, 5892, 'Gudbjerg Sydfyn', 56),
(936, 5900, 'Rudkøbing', 56),
(937, 5932, 'Humble', 56),
(938, 5935, 'Bagenkop', 56),
(939, 5953, 'Tranekær', 56),
(940, 5960, 'Marstal', 56),
(941, 5970, 'Ærøskøbing', 56),
(942, 5985, 'Søby Ærø', 56),
(943, 6000, 'Kolding', 56),
(944, 6040, 'Egtved', 56),
(945, 6040, 'Egtved', 56),
(946, 6051, 'Almind', 56),
(947, 6052, 'Viuf', 56),
(948, 6052, 'Viuf', 56),
(949, 6064, 'Jordrup', 56),
(950, 6070, 'Christiansfeld', 56),
(951, 6070, 'Christiansfeld', 56),
(952, 6091, 'Bjert', 56),
(953, 6092, 'Sønder Stenderup', 56),
(954, 6093, 'Sjølund', 56),
(955, 6094, 'Hejls', 56),
(956, 6094, 'Hejls', 56),
(957, 6100, 'Haderslev', 56),
(958, 6100, 'Haderslev', 56),
(959, 6200, 'Aabenraa', 56),
(960, 6230, 'Rødekro', 56),
(961, 6240, 'Løgumkloster', 56),
(962, 6261, 'Bredebro', 56),
(963, 6270, 'Tønder', 56),
(964, 6280, 'Højer', 56),
(965, 6300, 'Gråsten', 56),
(966, 6310, 'Broager', 56),
(967, 6320, 'Egernsund', 56),
(968, 6330, 'Padborg', 56),
(969, 6340, 'Kruså', 56),
(970, 6360, 'Tinglev', 56),
(971, 6372, 'Bylderup-Bov', 56),
(972, 6392, 'Bolderslev', 56),
(973, 6400, 'Sønderborg', 56),
(974, 6430, 'Nordborg', 56),
(975, 6430, 'Nordborg', 56),
(976, 6440, 'Augustenborg', 56),
(977, 6470, 'Sydals', 56),
(978, 6500, 'Vojens', 56),
(979, 6510, 'Gram', 56),
(980, 6520, 'Toftlund', 56),
(981, 6520, 'Toftlund', 56),
(982, 6534, 'Agerskov', 56),
(983, 6534, 'Agerskov', 56),
(984, 6534, 'Agerskov', 56),
(985, 6535, 'Branderup J', 56),
(986, 6541, 'Bevtoft', 56),
(987, 6541, 'Bevtoft', 56),
(988, 6560, 'Sommersted', 56),
(989, 6560, 'Sommersted', 56),
(990, 6580, 'Vamdrup', 56),
(991, 6600, 'Vejen', 56),
(992, 6621, 'Gesten', 56),
(993, 6622, 'Bække', 56),
(994, 6623, 'Vorbasse', 56),
(995, 6623, 'Vorbasse', 56),
(996, 6623, 'Vorbasse', 56),
(997, 6630, 'Rødding', 56),
(998, 6630, 'Rødding', 56),
(999, 6640, 'Lunderskov', 56),
(1000, 6650, 'Brørup', 56),
(1001, 6660, 'Lintrup', 56),
(1002, 6670, 'Holsted', 56),
(1003, 6670, 'Holsted', 56),
(1004, 6682, 'Hovborg', 56),
(1005, 6682, 'Hovborg', 56),
(1006, 6682, 'Hovborg', 56),
(1007, 6683, 'Føvling', 56),
(1008, 6683, 'Føvling', 56),
(1009, 6690, 'Gørding', 56),
(1010, 6690, 'Gørding', 56),
(1011, 6700, 'Esbjerg', 56),
(1012, 6705, 'Esbjerg Ø', 56),
(1013, 6710, 'Esbjerg V', 56),
(1014, 6715, 'Esbjerg N', 56),
(1015, 6720, 'Fanø', 56),
(1016, 6731, 'Tjæreborg', 56),
(1017, 6740, 'Bramming', 56),
(1018, 6752, 'Glejbjerg', 56),
(1019, 6753, 'Agerbæk', 56),
(1020, 6753, 'Agerbæk', 56),
(1021, 6760, 'Ribe', 56),
(1022, 6771, 'Gredstedbro', 56),
(1023, 6780, 'Skærbæk', 56),
(1024, 6792, 'Rømø', 56),
(1025, 6800, 'Varde', 56),
(1026, 6818, 'Årre', 56),
(1027, 6818, 'Årre', 56),
(1028, 6823, 'Ansager', 56),
(1029, 6823, 'Ansager', 56),
(1030, 6830, 'Nørre Nebel', 56),
(1031, 6830, 'Nørre Nebel', 56),
(1032, 6840, 'Oksbøl', 56),
(1033, 6851, 'Janderup Vestj', 56),
(1034, 6852, 'Billum', 56),
(1035, 6853, 'Vejers Strand', 56),
(1036, 6854, 'Henne', 56),
(1037, 6855, 'Outrup', 56),
(1038, 6857, 'Blåvand', 56),
(1039, 6862, 'Tistrup', 56),
(1040, 6870, 'Ølgod', 56),
(1041, 6870, 'Ølgod', 56),
(1042, 6880, 'Tarm', 56),
(1043, 6880, 'Tarm', 56),
(1044, 6893, 'Hemmet', 56),
(1045, 6900, 'Skjern', 56),
(1046, 6920, 'Videbæk', 56),
(1047, 6933, 'Kibæk', 56),
(1048, 6933, 'Kibæk', 56),
(1049, 6940, 'Lem St', 56),
(1050, 6950, 'Ringkøbing', 56),
(1051, 6960, 'Hvide Sande', 56),
(1052, 6971, 'Spjald', 56),
(1053, 6973, 'Ørnhøj', 56),
(1054, 6973, 'Ørnhøj', 56),
(1055, 6980, 'Tim', 56),
(1056, 6990, 'Ulfborg', 56),
(1057, 6990, 'Ulfborg', 56),
(1058, 6990, 'Ulfborg', 56),
(1059, 6990, 'Ulfborg', 56),
(1060, 7000, 'Fredericia', 56),
(1061, 7000, 'Fredericia', 56),
(1062, 7007, 'Fredericia', 56),
(1063, 7080, 'Børkop', 56),
(1064, 7100, 'Vejle', 56),
(1065, 7100, 'Vejle', 56),
(1066, 7120, 'Vejle Øst', 56),
(1067, 7120, 'Vejle Øst', 56),
(1068, 7130, 'Juelsminde', 56),
(1069, 7140, 'Stouby', 56),
(1070, 7150, 'Barrit', 56),
(1071, 7160, 'Tørring', 56),
(1072, 7160, 'Tørring', 56),
(1073, 7171, 'Uldum', 56),
(1074, 7173, 'Vonge', 56),
(1075, 7182, 'Bredsten', 56),
(1076, 7183, 'Randbøl', 56),
(1077, 7184, 'Vandel', 56),
(1078, 7190, 'Billund', 56),
(1079, 7190, 'Billund', 56),
(1080, 7200, 'Grindsted', 56),
(1081, 7200, 'Grindsted', 56),
(1082, 7200, 'Grindsted', 56),
(1083, 7250, 'Hejnsvig', 56),
(1084, 7260, 'Sønder Omme', 56),
(1085, 7260, 'Sønder Omme', 56),
(1086, 7270, 'Stakroge', 56),
(1087, 7270, 'Stakroge', 56),
(1088, 7270, 'Stakroge', 56),
(1089, 7280, 'Sønder Felding', 56),
(1090, 7280, 'Sønder Felding', 56),
(1091, 7300, 'Jelling', 56),
(1092, 7321, 'Gadbjerg', 56),
(1093, 7323, 'Give', 56),
(1094, 7323, 'Give', 56),
(1095, 7330, 'Brande', 56),
(1096, 7330, 'Brande', 56),
(1097, 7330, 'Brande', 56),
(1098, 7361, 'Ejstrupholm', 56),
(1099, 7361, 'Ejstrupholm', 56),
(1100, 7362, 'Hampen', 56),
(1101, 7362, 'Hampen', 56),
(1102, 7400, 'Herning', 56),
(1103, 7400, 'Herning', 56),
(1104, 7400, 'Herning', 56),
(1105, 7430, 'Ikast', 56),
(1106, 7441, 'Bording', 56),
(1107, 7441, 'Bording', 56),
(1108, 7442, 'Engesvang', 56),
(1109, 7442, 'Engesvang', 56),
(1110, 7451, 'Sunds', 56),
(1111, 7451, 'Sunds', 56),
(1112, 7470, 'Karup J', 56),
(1113, 7470, 'Karup J', 56),
(1114, 7470, 'Karup J', 56),
(1115, 7480, 'Vildbjerg', 56),
(1116, 7480, 'Vildbjerg', 56),
(1117, 7490, 'Aulum', 56),
(1118, 7500, 'Holstebro', 56),
(1119, 7500, 'Holstebro', 56),
(1120, 7500, 'Holstebro', 56),
(1121, 7540, 'Haderup', 56),
(1122, 7540, 'Haderup', 56),
(1123, 7540, 'Haderup', 56),
(1124, 7550, 'Sørvad', 56),
(1125, 7560, 'Hjerm', 56),
(1126, 7560, 'Hjerm', 56),
(1127, 7570, 'Vemb', 56),
(1128, 7570, 'Vemb', 56),
(1129, 7600, 'Struer', 56),
(1130, 7600, 'Struer', 56),
(1131, 7600, 'Struer', 56),
(1132, 7620, 'Lemvig', 56),
(1133, 7650, 'Bøvlingbjerg', 56),
(1134, 7660, 'Bækmarksbro', 56),
(1135, 7660, 'Bækmarksbro', 56),
(1136, 7673, 'Harboøre', 56),
(1137, 7680, 'Thyborøn', 56),
(1138, 7700, 'Thisted', 56),
(1139, 7730, 'Hanstholm', 56),
(1140, 7741, 'Frøstrup', 56),
(1141, 7742, 'Vesløs', 56),
(1142, 7752, 'Snedsted', 56),
(1143, 7755, 'Bedsted Thy', 56),
(1144, 7760, 'Hurup Thy', 56),
(1145, 7760, 'Hurup Thy', 56),
(1146, 7770, 'Vestervig', 56),
(1147, 7790, 'Thyholm', 56),
(1148, 7800, 'Skive', 56),
(1149, 7800, 'Skive', 56),
(1150, 7800, 'Skive', 56),
(1151, 7830, 'Vinderup', 56),
(1152, 7830, 'Vinderup', 56),
(1153, 7830, 'Vinderup', 56),
(1154, 7830, 'Vinderup', 56),
(1155, 7840, 'Højslev', 56),
(1156, 7840, 'Højslev', 56),
(1157, 7850, 'Stoholm Jyll', 56),
(1158, 7860, 'Spøttrup', 56),
(1159, 7870, 'Roslev', 56),
(1160, 7884, 'Fur', 56),
(1161, 7900, 'Nykøbing M', 56),
(1162, 7950, 'Erslev', 56),
(1163, 7960, 'Karby', 56),
(1164, 7970, 'Redsted M', 56),
(1165, 7980, 'Vils', 56),
(1166, 7990, 'Øster Assels', 56),
(1167, 8000, 'Aarhus C', 56),
(1168, 8200, 'Aarhus N', 56),
(1169, 8210, 'Aarhus V', 56),
(1170, 8220, 'Brabrand', 56),
(1171, 8230, 'Åbyhøj', 56),
(1172, 8240, 'Risskov', 56),
(1173, 8245, 'Risskov Ø', 56),
(1174, 8250, 'Egå', 56),
(1175, 8260, 'Viby J', 56),
(1176, 8270, 'Højbjerg', 56),
(1177, 8300, 'Odder', 56),
(1178, 8300, 'Odder', 56),
(1179, 8305, 'Samsø', 56),
(1180, 8310, 'Tranbjerg J', 56),
(1181, 8320, 'Mårslet', 56),
(1182, 8330, 'Beder', 56),
(1183, 8340, 'Malling', 56),
(1184, 8340, 'Malling', 56),
(1185, 8350, 'Hundslund', 56),
(1186, 8355, 'Solbjerg', 56),
(1187, 8361, 'Hasselager', 56),
(1188, 8362, 'Hørning', 56),
(1189, 8362, 'Hørning', 56),
(1190, 8370, 'Hadsten', 56),
(1191, 8380, 'Trige', 56),
(1192, 8380, 'Trige', 56),
(1193, 8381, 'Tilst', 56),
(1194, 8382, 'Hinnerup', 56),
(1195, 8382, 'Hinnerup', 56),
(1196, 8400, 'Ebeltoft', 56),
(1197, 8410, 'Rønde', 56),
(1198, 8420, 'Knebel', 56),
(1199, 8444, 'Balle', 56),
(1200, 8444, 'Balle', 56),
(1201, 8450, 'Hammel', 56),
(1202, 8450, 'Hammel', 56),
(1203, 8462, 'Harlev J', 56),
(1204, 8464, 'Galten', 56),
(1205, 8464, 'Galten', 56),
(1206, 8471, 'Sabro', 56),
(1207, 8471, 'Sabro', 56),
(1208, 8471, 'Sabro', 56),
(1209, 8472, 'Sporup', 56),
(1210, 8472, 'Sporup', 56),
(1211, 8472, 'Sporup', 56),
(1212, 8500, 'Grenaa', 56),
(1213, 8520, 'Lystrup', 56),
(1214, 8530, 'Hjortshøj', 56),
(1215, 8541, 'Skødstrup', 56),
(1216, 8543, 'Hornslet', 56),
(1217, 8543, 'Hornslet', 56),
(1218, 8544, 'Mørke', 56),
(1219, 8550, 'Ryomgård', 56),
(1220, 8550, 'Ryomgård', 56),
(1221, 8560, 'Kolind', 56),
(1222, 8560, 'Kolind', 56),
(1223, 8570, 'Trustrup', 56),
(1224, 8570, 'Trustrup', 56),
(1225, 8581, 'Nimtofte', 56),
(1226, 8581, 'Nimtofte', 56),
(1227, 8585, 'Glesborg', 56),
(1228, 8586, 'Ørum Djurs', 56),
(1229, 8592, 'Anholt', 56),
(1230, 8600, 'Silkeborg', 56),
(1231, 8600, 'Silkeborg', 56),
(1232, 8600, 'Silkeborg', 56),
(1233, 8620, 'Kjellerup', 56),
(1235, 8632, 'Lemming', 56),
(1236, 8641, 'Sorring', 56),
(1237, 8641, 'Sorring', 56),
(1238, 8643, 'Ans By', 56),
(1239, 8643, 'Ans By', 56),
(1240, 8653, 'Them', 56),
(1241, 8654, 'Bryrup', 56),
(1242, 8654, 'Bryrup', 56),
(1243, 8654, 'Bryrup', 56),
(1244, 8660, 'Skanderborg', 56),
(1245, 8660, 'Skanderborg', 56),
(1246, 8660, 'Skanderborg', 56),
(1247, 8660, 'Skanderborg', 56),
(1248, 8670, 'Låsby', 56),
(1249, 8680, 'Ry', 56),
(1250, 8680, 'Ry', 56),
(1251, 8680, 'Ry', 56),
(1252, 8700, 'Horsens', 56),
(1253, 8700, 'Horsens', 56),
(1254, 8721, 'Daugård', 56),
(1255, 8722, 'Hedensted', 56),
(1256, 8723, 'Løsning', 56),
(1257, 8732, 'Hovedgård', 56),
(1258, 8740, 'Brædstrup', 56),
(1259, 8740, 'Brædstrup', 56),
(1260, 8751, 'Gedved', 56),
(1261, 8751, 'Gedved', 56),
(1262, 8752, 'Østbirk', 56),
(1263, 8762, 'Flemming', 56),
(1264, 8762, 'Flemming', 56),
(1265, 8763, 'Rask Mølle', 56),
(1266, 8765, 'Klovborg', 56),
(1267, 8765, 'Klovborg', 56),
(1268, 8766, 'Nørre Snede', 56),
(1269, 8766, 'Nørre Snede', 56),
(1270, 8781, 'Stenderup', 56),
(1271, 8781, 'Stenderup', 56),
(1272, 8783, 'Hornsyld', 56),
(1273, 8783, 'Hornsyld', 56),
(1274, 8800, 'Viborg', 56),
(1275, 8800, 'Viborg', 56),
(1276, 8830, 'Tjele', 56),
(1277, 8831, 'Løgstrup', 56),
(1278, 8832, 'Skals', 56),
(1279, 8840, 'Rødkærsbro', 56),
(1280, 8840, 'Rødkærsbro', 56),
(1281, 8850, 'Bjerringbro', 56),
(1282, 8850, 'Bjerringbro', 56),
(1283, 8860, 'Ulstrup', 56),
(1284, 8860, 'Ulstrup', 56),
(1285, 8860, 'Ulstrup', 56),
(1286, 8870, 'Langå', 56),
(1287, 8870, 'Langå', 56),
(1288, 8881, 'Thorsø', 56),
(1289, 8881, 'Thorsø', 56),
(1290, 8882, 'Fårvang', 56),
(1291, 8882, 'Fårvang', 56),
(1292, 8883, 'Gjern', 56),
(1293, 8900, 'Randers C', 56),
(1294, 8920, 'Randers NV', 56),
(1295, 8930, 'Randers NØ', 56),
(1296, 8930, 'Randers NØ', 56),
(1297, 8940, 'Randers SV', 56),
(1298, 8940, 'Randers SV', 56),
(1299, 8950, 'Ørsted', 56),
(1300, 8960, 'Randers SØ', 56),
(1301, 8960, 'Randers SØ', 56),
(1302, 8961, 'Allingåbro', 56),
(1303, 8963, 'Auning', 56),
(1304, 8963, 'Auning', 56),
(1305, 8970, 'Havndal', 56),
(1306, 8970, 'Havndal', 56),
(1307, 8981, 'Spentrup', 56),
(1308, 8983, 'Gjerlev J', 56),
(1309, 8990, 'Fårup', 56),
(1310, 8990, 'Fårup', 56),
(1311, 9000, 'Aalborg', 56),
(1312, 9200, 'Aalborg SV', 56),
(1313, 9210, 'Aalborg SØ', 56),
(1314, 9220, 'Aalborg Øst', 56),
(1315, 9230, 'Svenstrup J', 56),
(1316, 9230, 'Svenstrup J', 56),
(1317, 9240, 'Nibe', 56),
(1318, 9240, 'Nibe', 56),
(1319, 9240, 'Nibe', 56),
(1320, 9260, 'Gistrup', 56),
(1321, 9260, 'Gistrup', 56),
(1322, 9270, 'Klarup', 56),
(1323, 9280, 'Storvorde', 56),
(1324, 9293, 'Kongerslev', 56),
(1325, 9293, 'Kongerslev', 56),
(1326, 9300, 'Sæby', 56),
(1327, 9310, 'Vodskov', 56),
(1328, 9320, 'Hjallerup', 56),
(1329, 9320, 'Hjallerup', 56),
(1330, 9330, 'Dronninglund', 56),
(1331, 9330, 'Dronninglund', 56),
(1332, 9340, 'Asaa', 56),
(1333, 9340, 'Asaa', 56),
(1334, 9352, 'Dybvad', 56),
(1335, 9352, 'Dybvad', 56),
(1336, 9362, 'Gandrup', 56),
(1337, 9370, 'Hals', 56),
(1338, 9370, 'Hals', 56),
(1339, 9380, 'Vestbjerg', 56),
(1340, 9381, 'Sulsted', 56),
(1341, 9381, 'Sulsted', 56),
(1342, 9382, 'Tylstrup', 56),
(1343, 9382, 'Tylstrup', 56),
(1344, 9382, 'Tylstrup', 56),
(1345, 9400, 'Nørresundby', 56),
(1346, 9430, 'Vadum', 56),
(1347, 9430, 'Vadum', 56),
(1348, 9440, 'Aabybro', 56),
(1349, 9440, 'Aabybro', 56),
(1350, 9440, 'Aabybro', 56),
(1351, 9460, 'Brovst', 56),
(1352, 9480, 'Løkken', 56),
(1353, 9480, 'Løkken', 56),
(1354, 9480, 'Løkken', 56),
(1355, 9490, 'Pandrup', 56),
(1356, 9492, 'Blokhus', 56),
(1357, 9493, 'Saltum', 56),
(1358, 9500, 'Hobro', 56),
(1359, 9500, 'Hobro', 56),
(1360, 9500, 'Hobro', 56),
(1361, 9510, 'Arden', 56),
(1362, 9510, 'Arden', 56),
(1363, 9520, 'Skørping', 56),
(1364, 9530, 'Støvring', 56),
(1365, 9530, 'Støvring', 56),
(1366, 9541, 'Suldrup', 56),
(1367, 9541, 'Suldrup', 56),
(1368, 9550, 'Mariager', 56),
(1369, 9550, 'Mariager', 56),
(1370, 9560, 'Hadsund', 56),
(1371, 9560, 'Hadsund', 56),
(1372, 9574, 'Bælum', 56),
(1373, 9575, 'Terndrup', 56),
(1374, 9600, 'Aars', 56),
(1375, 9600, 'Aars', 56),
(1376, 9610, 'Nørager', 56),
(1377, 9610, 'Nørager', 56),
(1378, 9620, 'Aalestrup', 56),
(1379, 9620, 'Aalestrup', 56),
(1380, 9620, 'Aalestrup', 56),
(1381, 9620, 'Aalestrup', 56),
(1382, 9631, 'Gedsted', 56),
(1383, 9631, 'Gedsted', 56),
(1384, 9632, 'Møldrup', 56),
(1385, 9632, 'Møldrup', 56),
(1386, 9640, 'Farsø', 56),
(1387, 9670, 'Løgstør', 56),
(1388, 9670, 'Løgstør', 56),
(1389, 9681, 'Ranum', 56),
(1390, 9690, 'Fjerritslev', 56),
(1391, 9700, 'Brønderslev', 56),
(1392, 9700, 'Brønderslev', 56),
(1393, 9740, 'Jerslev J', 56),
(1394, 9740, 'Jerslev J', 56),
(1395, 9750, 'Østervrå', 56),
(1396, 9750, 'Østervrå', 56),
(1397, 9750, 'Østervrå', 56),
(1398, 9760, 'Vrå', 56),
(1399, 9760, 'Vrå', 56),
(1400, 9800, 'Hjørring', 56),
(1401, 9830, 'Tårs', 56),
(1402, 9830, 'Tårs', 56),
(1403, 9850, 'Hirtshals', 56),
(1404, 9870, 'Sindal', 56),
(1405, 9870, 'Sindal', 56),
(1406, 9881, 'Bindslev', 56),
(1407, 9881, 'Bindslev', 56),
(1408, 9900, 'Frederikshavn', 56),
(1409, 9900, 'Frederikshavn', 56),
(1410, 9940, 'Læsø', 56),
(1411, 9970, 'Strandby', 56),
(1412, 9981, 'Jerup', 56),
(1413, 9982, 'Ålbæk', 56),
(1414, 9982, 'Ålbæk', 56),
(1415, 9990, 'Skagen', 56),
(1431, 1234, 'dummycity', 230),
(1432, 1234, 'TestName', 56),
(1433, 1234, 'TestName', 56),
(1434, 2222, 'TESTER', 56),
(1435, 2222, 'TESTER', 56),
(1436, 2222, 'TESTER', 56),
(1437, 5220, 'HansensHus', 56);

-- --------------------------------------------------------

--
-- Table structure for table `dynweb__countries`
--

CREATE TABLE IF NOT EXISTS `dynweb__countries` (
  `country_id` int(11) NOT NULL AUTO_INCREMENT,
  `country_code` varchar(2) NOT NULL DEFAULT '',
  `country_name` varchar(100) NOT NULL DEFAULT '',
  PRIMARY KEY (`country_id`)
) ENGINE=MyISAM AUTO_INCREMENT=246 DEFAULT CHARSET=utf8;

--
-- Dumping data for table `dynweb__countries`
--

INSERT INTO `dynweb__countries` (`country_id`, `country_code`, `country_name`) VALUES
(1, 'AF', 'Afghanistan'),
(2, 'AL', 'Albania'),
(3, 'DZ', 'Algeria'),
(4, 'DS', 'American Samoa'),
(5, 'AD', 'Andorra'),
(6, 'AO', 'Angola'),
(7, 'AI', 'Anguilla'),
(8, 'AQ', 'Antarctica'),
(9, 'AG', 'Antigua and Barbuda'),
(10, 'AR', 'Argentina'),
(11, 'AM', 'Armenia'),
(12, 'AW', 'Aruba'),
(13, 'AU', 'Australia'),
(14, 'AT', 'Austria'),
(15, 'AZ', 'Azerbaijan'),
(16, 'BS', 'Bahamas'),
(17, 'BH', 'Bahrain'),
(18, 'BD', 'Bangladesh'),
(19, 'BB', 'Barbados'),
(20, 'BY', 'Belarus'),
(21, 'BE', 'Belgium'),
(22, 'BZ', 'Belize'),
(23, 'BJ', 'Benin'),
(24, 'BM', 'Bermuda'),
(25, 'BT', 'Bhutan'),
(26, 'BO', 'Bolivia'),
(27, 'BA', 'Bosnia and Herzegovina'),
(28, 'BW', 'Botswana'),
(29, 'BV', 'Bouvet Island'),
(30, 'BR', 'Brazil'),
(31, 'IO', 'British Indian Ocean Territory'),
(32, 'BN', 'Brunei Darussalam'),
(33, 'BG', 'Bulgaria'),
(34, 'BF', 'Burkina Faso'),
(35, 'BI', 'Burundi'),
(36, 'KH', 'Cambodia'),
(37, 'CM', 'Cameroon'),
(38, 'CA', 'Canada'),
(39, 'CV', 'Cape Verde'),
(40, 'KY', 'Cayman Islands'),
(41, 'CF', 'Central African Republic'),
(42, 'TD', 'Chad'),
(43, 'CL', 'Chile'),
(44, 'CN', 'China'),
(45, 'CX', 'Christmas Island'),
(46, 'CC', 'Cocos (Keeling) Islands'),
(47, 'CO', 'Colombia'),
(48, 'KM', 'Comoros'),
(49, 'CG', 'Congo'),
(50, 'CK', 'Cook Islands'),
(51, 'CR', 'Costa Rica'),
(52, 'HR', 'Croatia (Hrvatska)'),
(53, 'CU', 'Cuba'),
(54, 'CY', 'Cyprus'),
(55, 'CZ', 'Czech Republic'),
(56, 'DK', 'Denmark'),
(57, 'DJ', 'Djibouti'),
(58, 'DM', 'Dominica'),
(59, 'DO', 'Dominican Republic'),
(60, 'TP', 'East Timor'),
(61, 'EC', 'Ecuador'),
(62, 'EG', 'Egypt'),
(63, 'SV', 'El Salvador'),
(64, 'GQ', 'Equatorial Guinea'),
(65, 'ER', 'Eritrea'),
(66, 'EE', 'Estonia'),
(67, 'ET', 'Ethiopia'),
(68, 'FK', 'Falkland Islands (Malvinas)'),
(69, 'FO', 'Faroe Islands'),
(70, 'FJ', 'Fiji'),
(71, 'FI', 'Finland'),
(72, 'FR', 'France'),
(73, 'FX', 'France, Metropolitan'),
(74, 'GF', 'French Guiana'),
(75, 'PF', 'French Polynesia'),
(76, 'TF', 'French Southern Territories'),
(77, 'GA', 'Gabon'),
(78, 'GM', 'Gambia'),
(79, 'GE', 'Georgia'),
(80, 'DE', 'Germany'),
(81, 'GH', 'Ghana'),
(82, 'GI', 'Gibraltar'),
(83, 'GK', 'Guernsey'),
(84, 'GR', 'Greece'),
(85, 'GL', 'Greenland'),
(86, 'GD', 'Grenada'),
(87, 'GP', 'Guadeloupe'),
(88, 'GU', 'Guam'),
(89, 'GT', 'Guatemala'),
(90, 'GN', 'Guinea'),
(91, 'GW', 'Guinea-Bissau'),
(92, 'GY', 'Guyana'),
(93, 'HT', 'Haiti'),
(94, 'HM', 'Heard and Mc Donald Islands'),
(95, 'HN', 'Honduras'),
(96, 'HK', 'Hong Kong'),
(97, 'HU', 'Hungary'),
(98, 'IS', 'Iceland'),
(99, 'IN', 'India'),
(100, 'IM', 'Isle of Man'),
(101, 'ID', 'Indonesia'),
(102, 'IR', 'Iran (Islamic Republic of)'),
(103, 'IQ', 'Iraq'),
(104, 'IE', 'Ireland'),
(105, 'IL', 'Israel'),
(106, 'IT', 'Italy'),
(107, 'CI', 'Ivory Coast'),
(108, 'JE', 'Jersey'),
(109, 'JM', 'Jamaica'),
(110, 'JP', 'Japan'),
(111, 'JO', 'Jordan'),
(112, 'KZ', 'Kazakhstan'),
(113, 'KE', 'Kenya'),
(114, 'KI', 'Kiribati'),
(115, 'KP', 'Korea, Democratic People''s Republic of'),
(116, 'KR', 'Korea, Republic of'),
(117, 'XK', 'Kosovo'),
(118, 'KW', 'Kuwait'),
(119, 'KG', 'Kyrgyzstan'),
(120, 'LA', 'Lao People''s Democratic Republic'),
(121, 'LV', 'Latvia'),
(122, 'LB', 'Lebanon'),
(123, 'LS', 'Lesotho'),
(124, 'LR', 'Liberia'),
(125, 'LY', 'Libyan Arab Jamahiriya'),
(126, 'LI', 'Liechtenstein'),
(127, 'LT', 'Lithuania'),
(128, 'LU', 'Luxembourg'),
(129, 'MO', 'Macau'),
(130, 'MK', 'Macedonia'),
(131, 'MG', 'Madagascar'),
(132, 'MW', 'Malawi'),
(133, 'MY', 'Malaysia'),
(134, 'MV', 'Maldives'),
(135, 'ML', 'Mali'),
(136, 'MT', 'Malta'),
(137, 'MH', 'Marshall Islands'),
(138, 'MQ', 'Martinique'),
(139, 'MR', 'Mauritania'),
(140, 'MU', 'Mauritius'),
(141, 'TY', 'Mayotte'),
(142, 'MX', 'Mexico'),
(143, 'FM', 'Micronesia, Federated States of'),
(144, 'MD', 'Moldova, Republic of'),
(145, 'MC', 'Monaco'),
(146, 'MN', 'Mongolia'),
(147, 'ME', 'Montenegro'),
(148, 'MS', 'Montserrat'),
(149, 'MA', 'Morocco'),
(150, 'MZ', 'Mozambique'),
(151, 'MM', 'Myanmar'),
(152, 'NA', 'Namibia'),
(153, 'NR', 'Nauru'),
(154, 'NP', 'Nepal'),
(155, 'NL', 'Netherlands'),
(156, 'AN', 'Netherlands Antilles'),
(157, 'NC', 'New Caledonia'),
(158, 'NZ', 'New Zealand'),
(159, 'NI', 'Nicaragua'),
(160, 'NE', 'Niger'),
(161, 'NG', 'Nigeria'),
(162, 'NU', 'Niue'),
(163, 'NF', 'Norfolk Island'),
(164, 'MP', 'Northern Mariana Islands'),
(165, 'NO', 'Norway'),
(166, 'OM', 'Oman'),
(167, 'PK', 'Pakistan'),
(168, 'PW', 'Palau'),
(169, 'PS', 'Palestine'),
(170, 'PA', 'Panama'),
(171, 'PG', 'Papua New Guinea'),
(172, 'PY', 'Paraguay'),
(173, 'PE', 'Peru'),
(174, 'PH', 'Philippines'),
(175, 'PN', 'Pitcairn'),
(176, 'PL', 'Poland'),
(177, 'PT', 'Portugal'),
(178, 'PR', 'Puerto Rico'),
(179, 'QA', 'Qatar'),
(180, 'RE', 'Reunion'),
(181, 'RO', 'Romania'),
(182, 'RU', 'Russian Federation'),
(183, 'RW', 'Rwanda'),
(184, 'KN', 'Saint Kitts and Nevis'),
(185, 'LC', 'Saint Lucia'),
(186, 'VC', 'Saint Vincent and the Grenadines'),
(187, 'WS', 'Samoa'),
(188, 'SM', 'San Marino'),
(189, 'ST', 'Sao Tome and Principe'),
(190, 'SA', 'Saudi Arabia'),
(191, 'SN', 'Senegal'),
(192, 'RS', 'Serbia'),
(193, 'SC', 'Seychelles'),
(194, 'SL', 'Sierra Leone'),
(195, 'SG', 'Singapore'),
(196, 'SK', 'Slovakia'),
(197, 'SI', 'Slovenia'),
(198, 'SB', 'Solomon Islands'),
(199, 'SO', 'Somalia'),
(200, 'ZA', 'South Africa'),
(201, 'GS', 'South Georgia South Sandwich Islands'),
(202, 'ES', 'Spain'),
(203, 'LK', 'Sri Lanka'),
(204, 'SH', 'St. Helena'),
(205, 'PM', 'St. Pierre and Miquelon'),
(206, 'SD', 'Sudan'),
(207, 'SR', 'Suriname'),
(208, 'SJ', 'Svalbard and Jan Mayen Islands'),
(209, 'SZ', 'Swaziland'),
(210, 'SE', 'Sweden'),
(211, 'CH', 'Switzerland'),
(212, 'SY', 'Syrian Arab Republic'),
(213, 'TW', 'Taiwan'),
(214, 'TJ', 'Tajikistan'),
(215, 'TZ', 'Tanzania, United Republic of'),
(216, 'TH', 'Thailand'),
(217, 'TG', 'Togo'),
(218, 'TK', 'Tokelau'),
(219, 'TO', 'Tonga'),
(220, 'TT', 'Trinidad and Tobago'),
(221, 'TN', 'Tunisia'),
(222, 'TR', 'Turkey'),
(223, 'TM', 'Turkmenistan'),
(224, 'TC', 'Turks and Caicos Islands'),
(225, 'TV', 'Tuvalu'),
(226, 'UG', 'Uganda'),
(227, 'UA', 'Ukraine'),
(228, 'AE', 'United Arab Emirates'),
(229, 'GB', 'United Kingdom'),
(230, 'US', 'United States'),
(231, 'UM', 'United States minor outlying islands'),
(232, 'UY', 'Uruguay'),
(233, 'UZ', 'Uzbekistan'),
(234, 'VU', 'Vanuatu'),
(235, 'VA', 'Vatican City State'),
(236, 'VE', 'Venezuela'),
(237, 'VN', 'Vietnam'),
(238, 'VG', 'Virgin Islands (British)'),
(239, 'VI', 'Virgin Islands (U.S.)'),
(240, 'WF', 'Wallis and Futuna Islands'),
(241, 'EH', 'Western Sahara'),
(242, 'YE', 'Yemen'),
(243, 'ZR', 'Zaire'),
(244, 'ZM', 'Zambia'),
(245, 'ZW', 'Zimbabwe');


-- --------------------------------------------------------

--
-- Table structure for table `dynweb__news`
--

CREATE TABLE IF NOT EXISTS `dynweb__news` (
  `id` int(11) NOT NULL AUTO_INCREMENT,
  `title` varchar(255) NOT NULL,
  `news` text NOT NULL,
  `date` datetime NOT NULL,
  PRIMARY KEY (`id`)
) ENGINE=InnoDB AUTO_INCREMENT=18 DEFAULT CHARSET=utf8mb4;

--
-- Dumping data for table `dynweb__news`
--

INSERT INTO `dynweb__news` (`id`, `title`, `news`, `date`) VALUES
(7, 'Nu ved man, hvorfor dansk isbjørn døde', 'Det kom som et chok, da den 14-årige isbjørn Vilma fra Aalborg Zoo i torsdags døde pludseligt. Det var i første omgang uklart, hvad der havde kostet isbjørnen livet, men nu er dødsårsagen klar.\r\n\r\n- Hun havde en blødende tarmbetændelse, og det dør man af. Der kan være mange årsager til sådan en sygdom, og det er dem, vi nu undersøger med laboratorietests, siger Rikke Kruse Nielsen, chefzoolog i Aalborg Zoo, til bt.dk.\r\n\r\nVilma var kommet til Aalborg Zoo fra Rostock Zoo i Tyskland kort før sin død. Isbjørnehunnen nåede kun at være i Aalborg i to uger, før hun pludselig gik bort.\r\n\r\n- Isbjørnen er blevet transporteret lige inden dens død, og man kender jo eksempelvis en tilstand hos heste, hvor de kan få tarmbetændelse eller blødninger i forbindelse med transport. Man kan ikke udelukke, at transporten kan have et medvirkende ansvar, siger professor Henrik Elvang Jensen fra Institut for Veterinær Sygdomsbiologi på Københavns Universitet til bt.dk.', '2016-11-08 09:34:30'),
(9, 'Smart trick: Derfor skal du pakke bilnøglen ind i sølvpapir', 'Flere og flere biler får en nøglefri funktion, hvor du ikke behøver at låse bilen op, men den åbner automatisk, når du er inde for kort afstand af bilen.\r\n\r\nMen ifølge FDM giver det en større risiko for, at din bil kan blive stjålet.\r\n\r\nBiltyvene skal blot være i besiddelse af et system, der kan ''stjæle'' koden fra nøglen og herefter kan biltyvene både åbne og starte bilen.\r\n\r\nDet skriver TV2.\r\n\r\nMen der er et smart trick, der kan være med til at undgå, at din bil havner i de forkerte hænder.\r\n\r\nHvis du pakker din elektroniske nøgle ind i sølvpapir, så er alt godt. Det trådløse signal, som nøglen udsender, kan nemlig ikke bevæge sig igennem stanniol, og dermed kan du trygt lægge den i hele huset.\r\n\r\nEn anden mulighed er at lægge din bilnøgle i en metaldåse, når du er hjemme. På den måde blokeres signalet også.\r\n\r\nDet rette udstyr\r\nIfølge FDM er det i princippet alle biller med nøglefri betjening, der kan blive udsat for det snedige træk, hvis tyvene er i besiddelse af det rette udstyr.\r\n\r\nEn anden mulighed for at undgå biltyvene er at låse bilen manuelt, så undgår du, at biltyvene stjæler din bil med det nøglefri-trick.\r\n\r\nPå den anden side, så mister du den smarte funktion, der betyder, at du ikke skal tage nøglen op af lommen, hver gang du skal ind og ud af din bil.\r\n\r\nI biler med nøglefri-funktionen startes motoren oftes med et tryk på en knap, der er placeret på instrumentbrættet.\r\n\r\nSå let er det\r\nI august viste en ny rapport, at stort set alle Volkswagen-biler bygget mellem 1995 og frem til i dag kan være forholdsvis lette for en dygtig hacker at komme ind i.\r\n\r\nFejlen ligger i bilernes nøgler, der er lavet til at fjernlåse og låse bilen op med et klik på en knap.\r\n\r\nDette kan en dygtig hacker udnytte, hvis han har det rigtige udstyr, der kan opsnappe radiosignalet mellem nøglen og din bil.\r\n\r\nDet kræver bare, at hackeren befinder sig under 100 meter fra bilen, når du forlader den og låser den med fjernnøglen.', '2016-11-08 14:30:09'),
(10, 'Hillary, you''re fired! Donald Trump vinder præsidentvalget efter valggyser', 'Den historiske valgkamp er ovre – Donald Trump bliver den 45. præsident i USA. Den overraskende sejr kom i hus efter et gyservalg.\r\n\r\nValgkampen er ovre, stemmerne er afgivet, slaget er afgjort.\r\n\r\nDonald J. Trump bliver den 45. præsident i USA. Det melder AP efter, at han har vundet Wisconsin og dermed står til at få over 270 valgmænd.\r\n\r\nHan har netop vundet valget foran sin demokratiske modstander Hillary Clinton. \r\n\r\nSejren til realitystjernen kom som en stor overraskelse overraskelse for de fleste analytikere.\r\n\r\nMeningsmålingerne pegede igennem hele valgkampen på Hillary Clinton som vinder af præsidentvalget og i morges (tirsdag morgen, red.) vurderede New York Times, at byggematadoren havde bare 16 procents chance for at vinde. \r\n\r\nMen med sejr i de store svingstater har Donald Trump nu sikret sig nøglerne til Det Ovale Værelse. \r\n\r\nGenfærdsmails og lydoptagelsen fra Helvede\r\nBåde danske og internationale medier er i analyser enige om, at valgkampen og mange af debatterne – både under især de republikanske primærvalg, men også i de tre afsluttende præsidentkandidatdebatter – ofte har været under bæltestedet.\r\n\r\nOg valget har da også stået mellem to historisk upopulære kandidater til præsidentvalget.\r\n\r\nByggemagnaten og milliardæren Donald Trump har i historisk grad delt vandene i Guds Eget Land med sine ofte bombastiske og overraskende one-liners.\r\n\r\nBlandt de mest opsigtsvækkende udtalelser i løbet af primærvalgene, ved valgmøder og under debatterne nævnes i flæng: Han ville midlertidigt nægte muslimer adgang til USA, han kaldte mexicanske indvandrere voldtægtsforbrydere, kaldte sin modkandidat Djævelen selv og insinuerede, at tilhængere af landets liberale våbenlov kunne ’tage sig af Hillary'', hvis hun ville stramme våbenloven.\r\n\r\n- Du ved, jeg bliver automatisk tiltrukket af lækre kvinder. Jeg begynder bare at kysse dem. Det er som en magnet. Jeg venter ikke engang. Og når du er en stjerne, lader de dig gøre det. Du kan gøre hvad som helst. Du kan tage dem i fi**en.\r\n\r\nEfter videoens fremkomst tog en lang række prominente republikanere afstand fra deres kandidat.\r\n\r\nBåde den tidligere præsidentkandidat John McCain og et af partiets absolut førende medlemmer, Paul Ryan, der er formand for Repræsentanternes Hus, ville ikke længere føre valgkamp for Trump:', '2016-11-09 09:06:50'),
(11, 'Ny forskning: Læsning derhjemme kan gøres meget bedre', 'Ny dansk forskning tyder på, at børns læsetræning kan gøres meget mere effektiv - samtidigt med, at det bliver mere hyggeligt.\r\n\r\n- Jeg synes jeg er blevet bedre til at læse, siger 11-årige Ida Søgaard Knudsen.\r\n\r\nIda og hendes mor er en af de familier, der hver dag bruger 20 minutter i sofaen  derhjemme på at gå videnskabeligt til opgaven med at lære Ida at læse.\r\n\r\nFamilien deltager netop nu i et forskningsprojekt, som Trygfondens Børneforskningscenter står bag, der har analyseret den dagligdags situation, som tusindvis af danske børn og forældre oplever hver dag: At børn og forældre sidder sammen derhjemme og lader barnet øve sig på læsning.\r\n\r\nDet har altid været kendt, at det havde stor betydning for barnets læseevner og læselyst. Men forskerne har nu fundet ud af, at effekten bliver markant større, hvis barn og forældre overholder nogle simple regler for læsetræningen.\r\n\r\n- Vores studie viser, at følger man læsemetoden kan man løfte børnenes læseniveau så meget, at det svarer til at have to lærere i børnenes klasse eller fire ekstra dansktimer om ugen. Det synes jeg er utroligt opmuntrende og positivt, fordi det peger på, at der er et potentiale på de børn, der ellers tit er bagud, siger professor Simon Calmar Andersen fra Trygfondens Børneforskningscenter.\r\n\r\nProfessor Simon Calmar Andersen fra Trygfondens Børneforskningscenter. Foto: TV 2\r\nEt par enkle regler\r\nForskernes har opstillet en række anbefalinger til, hvordan børn og forældre bedst øver sig i læsning derhjemme. Blandt anbefalingerne til forældrene er:\r\n\r\n* Læs med dit barn cirka 20 minutter hver dag.\r\n\r\n* Tal om bogen før I begynder at læse i den.\r\n\r\n* Tal om det I læser undervejs. Stop op i læsningen og besvar de spørgsmål, der opstår.\r\n\r\n* Det skal være hyggeligt\r\n\r\n* Lad være med at rette på barnet undervejs, hvis barnet læser lidt forkert.\r\n\r\n* Ros barnet for at læse, ikke for at være dygtig til at læse.\r\n\r\n* Lad barnet vælge, hvad der skal læses. Al læsning er lige værdifuld.\r\n\r\nIkke nogen eksamen\r\n- Mange børn og voksne har en opfattelse af, at læseevner er noget medfødt. Og så er man lidt til eksamen hver gang man læser, og så vil man helst ikke opdage, at man ikke er særlig god til det. Hvis læsesituationen bliver et spørgsmål om, om man er god til at læse eller ej, så kan det godt blive lidt ubehageligt for børnene, fortæller Simon Calmar Andersen.\r\n\r\nIda og hendes mor er blandt 1500 familier, der læser efter retningslinjerne i READ, som projektet hedder.', '2016-11-09 09:16:25'),
(12, 'Dødskryds: Kvinde dræbt for otte år siden', 'Krydset Maglegårds Alle/Søborg Hovedgade har mere end et liv på samvittigheden.\r\n\r\nHer blev en 38-årig mor dræbt af en højresvingende lastbil minutter efter at hun havde afleveret to af sine fire børn i skole.\r\n\r\nSe også: Mor dræbt af lastbil: Hun havde lige afleveret børnene\r\n\r\nMen også for otte år siden skete her en tragedie.\r\n\r\nEn 23-årig kvinde på cykel blev dræbt under en højresvingende lastbil i t-krydset.\r\n\r\n- Lastbilchaufføren havde set cyklisten, da han overhalede hende. Han holdt derfor stille i krydset og ventede på, at cyklisten skulle passere, før han drejede til højre, fortalte vagtchef ved Københavns Vestegns Politi Peter Grønbæk dengang til Ekstra Bladet.\r\n\r\nOgså den kvindelige cyklist var opmærksom på lastbilen og holdt stille på siden af lastbilen.\r\n\r\nDe havde ifølge politiet endda øjenkontakt\r\n\r\nCyklisten holdt dog stille i chaufførens blinde vinkel. Da han ikke kunne se hende i sine spejle troede han derfor - efter at have ventet - at hun var kørt forbi eller ventede.\r\n\r\nAlt pegede på, at cyklist og lastbilchauffør begyndte at køre samtidig.\r\n\r\nDa lastbilens front ramte kvinden blev hun trukket ind under køretøjet og dræbt.', '2016-11-10 11:11:35'),
(13, 'Putin jubler over Trump-sejr', 'Den russiske præsident, Vladimir Putin, forventer, at forholdet mellem Rusland og USA bliver meget bedre, efter Donald Trump er blevet valgt som amerikansk præsident.\r\n\r\nPutin håber særligt på, at USA dropper sanktionerne over for Rusland omkring overtagelsen af Krim og dets inddragelse i den fortsatte krig i det østlige Ukraine.\r\n\r\nDet skriver nyhedsbureauet Associated Press.\r\n\r\n- Jeg tror, at Trump er en praktisk mand; han vil droppe sanktionerne mod Rusland, som skader USA''s forretning, siger Putins rådgiver Sergei Glazyev til nyhedsbureauet ITAR Tass.\r\n\r\nDonald Trump kom ikke med nogle specifikke kommentarer omkring Rusland i hans første tale efter sejren, men han gjorde det klart, at han vil have et godt forhold til alle lande.\r\n\r\n- Vi vil komme overens med alle lande, som ønsker at samarbejde med os, sagde Trump i sin tale.\r\n\r\n- Vil vil søge fælles fodslag, ikke fjendtlighed - samarbejde, ikke konflikt, sagde Trump.\r\n\r\nObama-administrationen, som endnu sidder på magten i USA, gjorde det klart onsdag, at de ikke overvejede nogle ændringer i forhold til sanktionerne mod Rusland.\r\n\r\nDonald Trump har længe appelleret til et bedre forhold til Rusland. Han drømmer om en verden, hvor de to nationer kan enes.\r\n\r\nPutin sagde onsdag, at han håber, at de to nationers forhold forbedres, nu hvor Donald Trump tager over som USA''s præsident. Putin fastslog dog, at spændingerne mellem de to lande ikke er Ruslands skyld.', '2016-11-10 11:15:27'),
(14, 'Hillary fik flere stemmer end præsident Trump', 'En triumferende Donald Trump kunne onsdag kalde sig for USA''s næste præsident. Men efter for den foreløbige optælling af stemmer, tyder meget på, at Hillary Clinton sammenlagt har fået flest stemmer ved valget.\r\n\r\nEneste problem er imidlertid, at stemmetallet ikke betyder noget i USA, på grund af valgmandssystemet.\r\n\r\n- Det der er problemet med systemet med valgmænd, det er, at næsten alle stater har princippet &quot;the winner takes it all&quot;.\r\n\r\n- Der er kun Nebraska og Maine, der ikke har det princip, og derfor bliver der spildt en masse stemmer, siger lektor i amerikanske studier på Syddansk Universitet Jørn Brøndal.\r\n\r\nIfølge CNN er Trumps stemmeantal foreløbigt opgjort til 59.698.506 stemmer mens Hillary Clinton har fået 59.926.386. Det er 227.880 flere til Clinton.\r\n\r\nDet forventes, at det forspring øges, når Californien har færdiggjort en langsommelig proces med optælling af brevstemmer. Men det ændrer altså ikke på Clintons situation.\r\n\r\nSidst at stemmetallet fordelte sig på en sådan måde i et amerikansk præsidentvalg var i 2000, da Al Gore kæmpede mod George W. Bush. Her fik Al Gore omkring 500.000 flere stemmer end Bush, men tabte alligevel.\r\n\r\n- Det er kun sket fem gange i amerikansk historie, at den med færrest stemmer har vundet. 1824, 1876, 1888, 2000 og nu sker det igen, siger lektoren.', '2016-11-10 11:19:41'),
(15, 'Hillary fik flere stemmer end præsident Trump', 'En triumferende Donald Trump kunne onsdag kalde sig for USA''s næste præsident. Men efter for den foreløbige optælling af stemmer, tyder meget på, at Hillary Clinton sammenlagt har fået flest stemmer ved valget.\r\n\r\nEneste problem er imidlertid, at stemmetallet ikke betyder noget i USA, på grund af valgmandssystemet.\r\n\r\n- Det der er problemet med systemet med valgmænd, det er, at næsten alle stater har princippet &quot;the winner takes it all&quot;.\r\n\r\n- Der er kun Nebraska og Maine, der ikke har det princip, og derfor bliver der spildt en masse stemmer, siger lektor i amerikanske studier på Syddansk Universitet Jørn Brøndal.\r\n\r\nIfølge CNN er Trumps stemmeantal foreløbigt opgjort til 59.698.506 stemmer mens Hillary Clinton har fået 59.926.386. Det er 227.880 flere til Clinton.\r\n\r\nDet forventes, at det forspring øges, når Californien har færdiggjort en langsommelig proces med optælling af brevstemmer. Men det ændrer altså ikke på Clintons situation.\r\n\r\nSidst at stemmetallet fordelte sig på en sådan måde i et amerikansk præsidentvalg var i 2000, da Al Gore kæmpede mod George W. Bush. Her fik Al Gore omkring 500.000 flere stemmer end Bush, men tabte alligevel.\r\n\r\n- Det er kun sket fem gange i amerikansk historie, at den med færrest stemmer har vundet. 1824, 1876, 1888, 2000 og nu sker det igen, siger lektoren.', '2016-11-10 11:20:06'),
(16, 'Kendt instruktørdatter i julekalender', 'Æblet falder sjældent langt fra stammen, og det gælder også for filminstruktøren Ole Bornedal og hans datter, Fanny. Hun trillede ikke længere end til skuespil, efter hun satte fri fra den faderlige stamme, der er solidt fæstnet i filmverden.\r\n\r\n- Jeg har altid gerne ville være skuespiller. Mine forældre er meget åbne for, hvad jeg vil, og de er meget stolte af, at jeg allerede ved, hvad jeg vil med mit liv, siger Fanny Leander Bornedal, der har fået rollen som tvillingen Anna i årets DR-julekalender ''Den anden verden''.\r\n\r\nDet var i Ole Bornedals ''Kærlighed på film'', at Fanny Bornedal fik sin debut på det danske filmlærred.\r\n\r\nHun var blot seks år gammel, og han manglede en lille pige, der kunne spille med i filmen. Derfor sendte han sin datter til casting. Hun var den dygtigste, og derfor fik hun rollen, forlyder det.\r\n\r\n- Siden, jeg fik den rolle, har jeg bare kørt på og vidst, at det var skuespil, jeg ville. Min far skubbede mig frem, men jeg har selv hevet resten af vejen, slår Fanny Leander Bornedal fast.\r\n\r\nFanny Leander Bornedal mener ikke selv, at hun har kunnet mærke særlig til, at hendes far er en anerkendt instruktør i branchen.\r\n\r\nSe også: Bornedal nu med slapstick og spastisk salsa\r\n\r\n- Det har ikke præget mig som person. Han er bare min far. Men jeg har altid set ham arbejde, og han har taget mig med på set, så jeg har altid været vant til det liv, han har, siger hun.\r\n\r\nJulekalenderen sendes på DR til december.', '2016-11-10 11:30:04');


/*!40101 SET CHARACTER_SET_CLIENT=@OLD_CHARACTER_SET_CLIENT */;
/*!40101 SET CHARACTER_SET_RESULTS=@OLD_CHARACTER_SET_RESULTS */;
/*!40101 SET COLLATION_CONNECTION=@OLD_COLLATION_CONNECTION */;
